{
    "items": [
        {
            "joint": "None",
            "pose": {
                "position": {
                    "x": -0.05266328528523445,
                    "y": -0.004771654959768057,
                    "z": -0.4855758845806122
                },
                "rotation": {
                    "x": 0.0,
                    "y": 0.0,
                    "z": 0.0,
                    "w": 0.0
                }
            }
        },
        {
            "joint": "Wrist",
            "pose": {
                "position": {
                    "x": 0.06051135063171387,
                    "y": -0.11653638631105423,
                    "z": -0.09240426868200302
                },
                "rotation": {
                    "x": -0.44876497983932497,
                    "y": -0.17689266800880433,
                    "z": -0.05671416595578194,
                    "w": 0.8741295337677002
                }
            }
        },
        {
            "joint": "Palm",
            "pose": {
                "position": {
                    "x": 0.05458527058362961,
                    "y": -0.07798739522695542,
                    "z": -0.06569456309080124
                },
                "rotation": {
                    "x": -0.4486689567565918,
                    "y": -0.17701590061187745,
                    "z": -0.056869540363550189,
                    "w": 0.8741438388824463
                }
            }
        },
        {
            "joint": "ThumbMetacarpalJoint",
            "pose": {
                "position": {
                    "x": 0.037650320678949359,
                    "y": -0.1101485937833786,
                    "z": -0.07988806068897248
                },
                "rotation": {
                    "x": -0.4685748815536499,
                    "y": -0.18557094037532807,
                    "z": 0.6385928988456726,
                    "w": 0.5815498232841492
                }
            }
        },
        {
            "joint": "ThumbProximalJoint",
            "pose": {
                "position": {
                    "x": 0.0021200005430728199,
                    "y": -0.09670994430780411,
                    "z": -0.05842042714357376
                },
                "rotation": {
                    "x": -0.3903456926345825,
                    "y": -0.08254843950271607,
                    "z": 0.6510961651802063,
                    "w": 0.6456699371337891
                }
            }
        },
        {
            "joint": "ThumbDistalJoint",
            "pose": {
                "position": {
                    "x": -0.017323289066553117,
                    "y": -0.08417022228240967,
                    "z": -0.036867182701826099
                },
                "rotation": {
                    "x": -0.414934903383255,
                    "y": -0.16244931519031526,
                    "z": 0.6576106548309326,
                    "w": 0.6074432730674744
                }
            }
        },
        {
            "joint": "ThumbTip",
            "pose": {
                "position": {
                    "x": -0.031221620738506318,
                    "y": -0.07873794436454773,
                    "z": -0.025591250509023668
                },
                "rotation": {
                    "x": -0.414934903383255,
                    "y": -0.16244931519031526,
                    "z": 0.6576106548309326,
                    "w": 0.6074432730674744
                }
            }
        },
        {
            "joint": "IndexMetacarpal",
            "pose": {
                "position": {
                    "x": 0.047505348920822147,
                    "y": -0.10554609447717667,
                    "z": -0.07970334589481354
                },
                "rotation": {
                    "x": -0.4534718096256256,
                    "y": -0.30857419967651369,
                    "z": -0.07697326689958573,
                    "w": 0.8325985670089722
                }
            }
        },
        {
            "joint": "IndexKnuckle",
            "pose": {
                "position": {
                    "x": 0.019956298172473909,
                    "y": -0.0557483471930027,
                    "z": -0.05499193072319031
                },
                "rotation": {
                    "x": -0.4449520409107208,
                    "y": -0.1309666782617569,
                    "z": 0.047663893550634387,
                    "w": 0.8846431374549866
                }
            }
        },
        {
            "joint": "IndexMiddleJoint",
            "pose": {
                "position": {
                    "x": 0.008095348253846169,
                    "y": -0.022226670756936075,
                    "z": -0.03034139610826969
                },
                "rotation": {
                    "x": -0.3352454900741577,
                    "y": -0.07514993846416474,
                    "z": 0.14437371492385865,
                    "w": 0.9279650449752808
                }
            }
        },
        {
            "joint": "IndexDistalJoint",
            "pose": {
                "position": {
                    "x": 0.0024243020452558996,
                    "y": -0.007813668809831143,
                    "z": -0.012005654163658619
                },
                "rotation": {
                    "x": -0.2851909101009369,
                    "y": -0.07402209937572479,
                    "z": 0.04479880630970001,
                    "w": 0.9545575380325317
                }
            }
        },
        {
            "joint": "IndexTip",
            "pose": {
                "position": {
                    "x": -0.0011067038867622614,
                    "y": 0.0017288230592384935,
                    "z": -0.0008905145805329084
                },
                "rotation": {
                    "x": -0.4986042380332947,
                    "y": -0.10437075048685074,
                    "z": 0.07316453754901886,
                    "w": 0.8577484488487244
                }
            }
        },
        {
            "joint": "MiddleMetacarpal",
            "pose": {
                "position": {
                    "x": 0.05543235316872597,
                    "y": -0.10428999364376068,
                    "z": -0.07948978990316391
                },
                "rotation": {
                    "x": -0.5124194622039795,
                    "y": -0.14326979219913484,
                    "z": 0.0033915068488568069,
                    "w": 0.846692681312561
                }
            }
        },
        {
            "joint": "MiddleKnuckle",
            "pose": {
                "position": {
                    "x": 0.04107753932476044,
                    "y": -0.053730353713035586,
                    "z": -0.05418522655963898
                },
                "rotation": {
                    "x": -0.047249626368284228,
                    "y": -0.07262193411588669,
                    "z": -0.0030145691707730295,
                    "w": 0.9962351322174072
                }
            }
        },
        {
            "joint": "MiddleMiddleJoint",
            "pose": {
                "position": {
                    "x": 0.034631796181201938,
                    "y": -0.04950878769159317,
                    "z": -0.010220966301858426
                },
                "rotation": {
                    "x": 0.4597231447696686,
                    "y": -0.07136047631502152,
                    "z": 0.041958972811698917,
                    "w": 0.8841955065727234
                }
            }
        },
        {
            "joint": "MiddleDistalJoint",
            "pose": {
                "position": {
                    "x": 0.03229355812072754,
                    "y": -0.07136500626802445,
                    "z": 0.00491436617448926
                },
                "rotation": {
                    "x": -0.6453508734703064,
                    "y": 0.018931632861495019,
                    "z": 0.027994602918624879,
                    "w": -0.7631382346153259
                }
            }
        },
        {
            "joint": "MiddleTip",
            "pose": {
                "position": {
                    "x": 0.031229745596647264,
                    "y": -0.0874614417552948,
                    "z": 0.007635372690856457
                },
                "rotation": {
                    "x": -0.6453508734703064,
                    "y": 0.018931632861495019,
                    "z": 0.027994602918624879,
                    "w": -0.7631382346153259
                }
            }
        },
        {
            "joint": "RingMetacarpal",
            "pose": {
                "position": {
                    "x": 0.06591996550559998,
                    "y": -0.1024644523859024,
                    "z": -0.07856935262680054
                },
                "rotation": {
                    "x": -0.47243738174438479,
                    "y": -0.03713586553931236,
                    "z": 0.056232012808322909,
                    "w": 0.8787842392921448
                }
            }
        },
        {
            "joint": "RingKnuckle",
            "pose": {
                "position": {
                    "x": 0.05959733948111534,
                    "y": -0.058347202837467197,
                    "z": -0.04915406554937363
                },
                "rotation": {
                    "x": 0.04085357114672661,
                    "y": -0.06807663291692734,
                    "z": -0.05015411972999573,
                    "w": 0.9955807328224182
                }
            }
        },
        {
            "joint": "RingMiddleJoint",
            "pose": {
                "position": {
                    "x": 0.05417570844292641,
                    "y": -0.06124021112918854,
                    "z": -0.010820410214364529
                },
                "rotation": {
                    "x": -0.6676225066184998,
                    "y": 0.1105816513299942,
                    "z": 0.04295850917696953,
                    "w": -0.7349873781204224
                }
            }
        },
        {
            "joint": "RingDistalJoint",
            "pose": {
                "position": {
                    "x": 0.04917123541235924,
                    "y": -0.08335714042186737,
                    "z": -0.008906473405659199
                },
                "rotation": {
                    "x": -0.8353853225708008,
                    "y": 0.06540791690349579,
                    "z": 0.06353609263896942,
                    "w": -0.5420482158660889
                }
            }
        },
        {
            "joint": "RingTip",
            "pose": {
                "position": {
                    "x": 0.04596330597996712,
                    "y": -0.09961440414190293,
                    "z": -0.01623125560581684
                },
                "rotation": {
                    "x": -0.8353853225708008,
                    "y": 0.06540791690349579,
                    "z": 0.06353609263896942,
                    "w": -0.5420482158660889
                }
            }
        },
        {
            "joint": "PinkyMetacarpal",
            "pose": {
                "position": {
                    "x": 0.0744781643152237,
                    "y": -0.10360054671764374,
                    "z": -0.0763457864522934
                },
                "rotation": {
                    "x": -0.41186657547950747,
                    "y": 0.08814334124326706,
                    "z": 0.11705385893583298,
                    "w": 0.899385929107666
                }
            }
        },
        {
            "joint": "PinkyKnuckle",
            "pose": {
                "position": {
                    "x": 0.07774728536605835,
                    "y": -0.06353195011615753,
                    "z": -0.04239652305841446
                },
                "rotation": {
                    "x": 0.041607990860939029,
                    "y": -0.09294969588518143,
                    "z": -0.13152775168418885,
                    "w": 0.9860676527023315
                }
            }
        },
        {
            "joint": "PinkyMiddleJoint",
            "pose": {
                "position": {
                    "x": 0.07291404902935028,
                    "y": -0.06496524065732956,
                    "z": -0.018031639978289605
                },
                "rotation": {
                    "x": -0.5850560069084168,
                    "y": 0.1312275528907776,
                    "z": 0.1167183518409729,
                    "w": -0.7917484641075134
                }
            }
        },
        {
            "joint": "PinkyDistalJoint",
            "pose": {
                "position": {
                    "x": 0.06660763919353485,
                    "y": -0.08136984705924988,
                    "z": -0.01288614422082901
                },
                "rotation": {
                    "x": -0.7947900295257568,
                    "y": 0.13635152578353883,
                    "z": 0.22647207975387574,
                    "w": -0.5462852120399475
                }
            }
        },
        {
            "joint": "PinkyTip",
            "pose": {
                "position": {
                    "x": 0.059262972325086597,
                    "y": -0.09300953149795532,
                    "z": -0.017223456874489785
                },
                "rotation": {
                    "x": -0.7947900295257568,
                    "y": 0.13635152578353883,
                    "z": 0.22647207975387574,
                    "w": -0.5462852120399475
                }
            }
        }
    ]
}