{
  "items": [
    {
      "joint": "None",
      "pose": {
        "position": {
          "x": -0.01725071482360363,
          "y": -0.08121182024478913,
          "z": -0.47676876187324526
        },
        "rotation": {
          "x": 0.0,
          "y": 0.0,
          "z": 0.0,
          "w": 0.0
        }
      }
    },
    {
      "joint": "Wrist",
      "pose": {
        "position": {
          "x": 0.08615099638700485,
          "y": -0.024168234318494798,
          "z": 0.034818120300769809
        },
        "rotation": {
          "x": -0.24332590401172639,
          "y": 0.6052875518798828,
          "z": 0.5141062140464783,
          "w": -0.5566452741622925
        }
      }
    },
    {
      "joint": "Palm",
      "pose": {
        "position": {
          "x": 0.03520287200808525,
          "y": -0.010816145688295365,
          "z": 0.04648737236857414
        },
        "rotation": {
          "x": -0.24332590401172639,
          "y": 0.6052875518798828,
          "z": 0.5141062140464783,
          "w": -0.5566452741622925
        }
      }
    },
    {
      "joint": "ThumbMetacarpalJoint",
      "pose": {
        "position": {
          "x": 0.06692907959222794,
          "y": -0.0030839829705655576,
          "z": 0.020349422469735147
        },
        "rotation": {
          "x": 0.39406728744506838,
          "y": 0.7213952541351318,
          "z": 0.33115363121032717,
          "w": -0.46385547518730166
        }
      }
    },
    {
      "joint": "ThumbProximalJoint",
      "pose": {
        "position": {
          "x": 0.048644911497831348,
          "y": 0.034663256257772449,
          "z": 0.004639927297830582
        },
        "rotation": {
          "x": 0.34302714467048647,
          "y": 0.719179630279541,
          "z": 0.2980014383792877,
          "w": -0.5261238217353821
        }
      }
    },
    {
      "joint": "ThumbDistalJoint",
      "pose": {
        "position": {
          "x": 0.030924495309591295,
          "y": 0.05998371168971062,
          "z": -0.004000300541520119
        },
        "rotation": {
          "x": 0.4403221607208252,
          "y": 0.6942930817604065,
          "z": 0.3865111470222473,
          "w": -0.4186002314090729
        }
      }
    },
    {
      "joint": "ThumbTip",
      "pose": {
        "position": {
          "x": 0.02607334591448307,
          "y": 0.07819978147745133,
          "z": -0.011070644482970238
        },
        "rotation": {
          "x": 0.4403221607208252,
          "y": 0.6942930817604065,
          "z": 0.3865111470222473,
          "w": -0.4186002314090729
        }
      }
    },
    {
      "joint": "IndexMetacarpal",
      "pose": {
        "position": {
          "x": 0.06430374830961228,
          "y": -0.01019766554236412,
          "z": 0.02929815649986267
        },
        "rotation": {
          "x": -0.22792501747608186,
          "y": 0.6316274404525757,
          "z": 0.5866482257843018,
          "w": -0.45270389318466189
        }
      }
    },
    {
      "joint": "IndexKnuckle",
      "pose": {
        "position": {
          "x": 0.011573880910873413,
          "y": 0.02339656837284565,
          "z": 0.03546718880534172
        },
        "rotation": {
          "x": 0.3942926526069641,
          "y": -0.7424762845039368,
          "z": -0.21414896845817567,
          "w": 0.49741214513778689
        }
      }
    },
    {
      "joint": "IndexMiddleJoint",
      "pose": {
        "position": {
          "x": -0.021892068907618524,
          "y": 0.020658958703279496,
          "z": 0.020219745114445688
        },
        "rotation": {
          "x": 0.5834210515022278,
          "y": -0.7061115503311157,
          "z": 0.3634859323501587,
          "w": 0.17027443647384644
        }
      }
    },
    {
      "joint": "IndexDistalJoint",
      "pose": {
        "position": {
          "x": -0.017463261261582376,
          "y": 0.00348295527510345,
          "z": 0.0038637774996459486
        },
        "rotation": {
          "x": 0.6371655464172363,
          "y": -0.4360961318016052,
          "z": 0.6206539869308472,
          "w": -0.13840782642364503
        }
      }
    },
    {
      "joint": "IndexTip",
      "pose": {
        "position": {
          "x": -0.001938387518748641,
          "y": -0.0027357139624655248,
          "z": 0.0005815188633278012
        },
        "rotation": {
          "x": 0.6371655464172363,
          "y": -0.4360961318016052,
          "z": 0.6206539869308472,
          "w": -0.13840782642364503
        }
      }
    },
    {
      "joint": "MiddleMetacarpal",
      "pose": {
        "position": {
          "x": 0.06397924572229386,
          "y": -0.016921602189540864,
          "z": 0.03521520271897316
        },
        "rotation": {
          "x": -0.16760338842868806,
          "y": 0.5928976535797119,
          "z": 0.5015624761581421,
          "w": -0.6073026657104492
        }
      }
    },
    {
      "joint": "MiddleKnuckle",
      "pose": {
        "position": {
          "x": 0.01083554606884718,
          "y": 0.006482137367129326,
          "z": 0.049619730561971667
        },
        "rotation": {
          "x": 0.5027921199798584,
          "y": -0.7059369087219238,
          "z": -0.16476257145404817,
          "w": 0.4708792269229889
        }
      }
    },
    {
      "joint": "MiddleMiddleJoint",
      "pose": {
        "position": {
          "x": -0.025254713371396066,
          "y": -0.003984889946877956,
          "z": 0.02779259905219078
        },
        "rotation": {
          "x": 0.6809582710266113,
          "y": -0.6233372688293457,
          "z": 0.3824990391731262,
          "w": -0.039771441370248798
        }
      }
    },
    {
      "joint": "MiddleDistalJoint",
      "pose": {
        "position": {
          "x": -0.00917090568691492,
          "y": -0.015904264524579049,
          "z": 0.007921875454485417
        },
        "rotation": {
          "x": 0.6229440569877625,
          "y": -0.2391648292541504,
          "z": 0.642637312412262,
          "w": -0.37781840562820437
        }
      }
    },
    {
      "joint": "MiddleTip",
      "pose": {
        "position": {
          "x": 0.008252275176346302,
          "y": -0.013008372858166695,
          "z": 0.009888304397463799
        },
        "rotation": {
          "x": 0.6229440569877625,
          "y": -0.2391648292541504,
          "z": 0.642637312412262,
          "w": -0.37781840562820437
        }
      }
    },
    {
      "joint": "RingMetacarpal",
      "pose": {
        "position": {
          "x": 0.06303475052118302,
          "y": -0.02612213045358658,
          "z": 0.04269380867481232
        },
        "rotation": {
          "x": -0.18103565275669099,
          "y": 0.5941647887229919,
          "z": 0.39771339297294619,
          "w": -0.6752913594245911
        }
      }
    },
    {
      "joint": "RingKnuckle",
      "pose": {
        "position": {
          "x": 0.010207276791334153,
          "y": -0.013390008360147477,
          "z": 0.055441394448280337
        },
        "rotation": {
          "x": 0.5632884502410889,
          "y": -0.6713510751724243,
          "z": -0.15870888531208039,
          "w": 0.45477786660194399
        }
      }
    },
    {
      "joint": "RingMiddleJoint",
      "pose": {
        "position": {
          "x": -0.01994304731488228,
          "y": -0.024818312376737596,
          "z": 0.03496982902288437
        },
        "rotation": {
          "x": 0.7331446409225464,
          "y": -0.5462665557861328,
          "z": 0.3692132830619812,
          "w": -0.16697438061237336
        }
      }
    },
    {
      "joint": "RingDistalJoint",
      "pose": {
        "position": {
          "x": -0.0031065356452018024,
          "y": -0.028507214039564134,
          "z": 0.019337791949510576
        },
        "rotation": {
          "x": 0.6351615786552429,
          "y": -0.23133434355258943,
          "z": 0.5935887098312378,
          "w": -0.43731656670570376
        }
      }
    },
    {
      "joint": "RingTip",
      "pose": {
        "position": {
          "x": 0.015546157956123352,
          "y": -0.023027585819363595,
          "z": 0.021024812012910844
        },
        "rotation": {
          "x": 0.6351615786552429,
          "y": -0.23133434355258943,
          "z": 0.5935887098312378,
          "w": -0.43731656670570376
        }
      }
    },
    {
      "joint": "PinkyMetacarpal",
      "pose": {
        "position": {
          "x": 0.06254640221595764,
          "y": -0.034929849207401279,
          "z": 0.04593820124864578
        },
        "rotation": {
          "x": -0.19249169528484345,
          "y": 0.581859290599823,
          "z": 0.2601516842842102,
          "w": -0.7461285591125488
        }
      }
    },
    {
      "joint": "PinkyKnuckle",
      "pose": {
        "position": {
          "x": 0.009921858087182045,
          "y": -0.03408779203891754,
          "z": 0.05945640057325363
        },
        "rotation": {
          "x": 0.6286200881004334,
          "y": -0.6190594434738159,
          "z": -0.18423764407634736,
          "w": 0.43321672081947329
        }
      }
    },
    {
      "joint": "PinkyMiddleJoint",
      "pose": {
        "position": {
          "x": -0.007876850664615631,
          "y": -0.041423700749874118,
          "z": 0.04655241593718529
        },
        "rotation": {
          "x": 0.7744045257568359,
          "y": -0.5470465421676636,
          "z": 0.2698802649974823,
          "w": -0.1682688444852829
        }
      }
    },
    {
      "joint": "PinkyDistalJoint",
      "pose": {
        "position": {
          "x": 0.0036155348643660547,
          "y": -0.042087383568286899,
          "z": 0.03132062032818794
        },
        "rotation": {
          "x": 0.7368069291114807,
          "y": -0.19751593470573426,
          "z": 0.4435950815677643,
          "w": -0.47120407223701479
        }
      }
    },
    {
      "joint": "PinkyTip",
      "pose": {
        "position": {
          "x": 0.016652610152959825,
          "y": -0.034032851457595828,
          "z": 0.02879030816257
        },
        "rotation": {
          "x": 0.7368069291114807,
          "y": -0.19751593470573426,
          "z": 0.4435950815677643,
          "w": -0.47120407223701479
        }
      }
    }
  ]
}