{
    "items": [
        {
            "joint": "None",
            "pose": {
                "position": {
                    "x": -0.1158427894115448,
                    "y": 0.13443027436733247,
                    "z": -0.4134027361869812
                },
                "rotation": {
                    "x": 0.0,
                    "y": 0.0,
                    "z": 0.0,
                    "w": 0.0
                }
            }
        },
        {
            "joint": "Wrist",
            "pose": {
                "position": {
                    "x": -0.017183450981974603,
                    "y": -0.048060864210128787,
                    "z": -0.0495603047311306
                },
                "rotation": {
                    "x": -0.009308621287345887,
                    "y": 0.17712855339050294,
                    "z": 0.9820802807807922,
                    "w": 0.06369277089834213
                }
            }
        },
        {
            "joint": "Palm",
            "pose": {
                "position": {
                    "x": -0.023508865386247636,
                    "y": -0.03243362531065941,
                    "z": -0.006628097966313362
                },
                "rotation": {
                    "x": -0.009307356551289559,
                    "y": 0.17721131443977357,
                    "z": 0.9820438623428345,
                    "w": 0.06402759999036789
                }
            }
        },
        {
            "joint": "ThumbMetacarpalJoint",
            "pose": {
                "position": {
                    "x": 0.0005868881708011031,
                    "y": -0.0328989177942276,
                    "z": -0.03591303154826164
                },
                "rotation": {
                    "x": 0.4359137713909149,
                    "y": 0.011171163059771061,
                    "z": 0.7560729384422302,
                    "w": -0.4880653917789459
                }
            }
        },
        {
            "joint": "ThumbProximalJoint",
            "pose": {
                "position": {
                    "x": 0.0282078105956316,
                    "y": -0.01404919009655714,
                    "z": -0.0095086470246315
                },
                "rotation": {
                    "x": 0.2592775225639343,
                    "y": 0.15424856543540955,
                    "z": 0.7599256038665772,
                    "w": -0.575756311416626
                }
            }
        },
        {
            "joint": "ThumbDistalJoint",
            "pose": {
                "position": {
                    "x": 0.03500421717762947,
                    "y": 0.002687049563974142,
                    "z": 0.016175691038370134
                },
                "rotation": {
                    "x": 0.2957545816898346,
                    "y": 0.18920210003852845,
                    "z": 0.7441263794898987,
                    "w": -0.5683374404907227
                }
            }
        },
        {
            "joint": "ThumbTip",
            "pose": {
                "position": {
                    "x": 0.03908238559961319,
                    "y": 0.013879237696528435,
                    "z": 0.02982652373611927
                },
                "rotation": {
                    "x": 0.2957545816898346,
                    "y": 0.18920210003852845,
                    "z": 0.7441263794898987,
                    "w": -0.5683374404907227
                }
            }
        },
        {
            "joint": "IndexMetacarpal",
            "pose": {
                "position": {
                    "x": -0.009649188257753849,
                    "y": -0.03625880554318428,
                    "z": -0.0337478369474411
                },
                "rotation": {
                    "x": 0.08826897293329239,
                    "y": 0.15167167782783509,
                    "z": 0.9711161255836487,
                    "w": 0.1616707444190979
                }
            }
        },
        {
            "joint": "IndexKnuckle",
            "pose": {
                "position": {
                    "x": 0.0035026671830564739,
                    "y": -0.020389249548316003,
                    "z": 0.022229012101888658
                },
                "rotation": {
                    "x": 0.008532955311238766,
                    "y": 0.627875804901123,
                    "z": 0.7778981328010559,
                    "w": -0.02394290454685688
                }
            }
        },
        {
            "joint": "IndexMiddleJoint",
            "pose": {
                "position": {
                    "x": 0.0029254069086164238,
                    "y": 0.01320799719542265,
                    "z": 0.029496701434254648
                },
                "rotation": {
                    "x": 0.026787973940372468,
                    "y": -0.993870198726654,
                    "z": -0.04119173809885979,
                    "w": 0.09903156012296677
                }
            }
        },
        {
            "joint": "IndexDistalJoint",
            "pose": {
                "position": {
                    "x": -0.0014926480362191797,
                    "y": 0.014907545410096646,
                    "z": 0.007812273222953081
                },
                "rotation": {
                    "x": 0.09822526574134827,
                    "y": -0.8494296669960022,
                    "z": 0.5184183716773987,
                    "w": 0.007948068901896477
                }
            }
        },
        {
            "joint": "IndexTip",
            "pose": {
                "position": {
                    "x": 0.0,
                    "y": 0.0,
                    "z": 0.0
                },
                "rotation": {
                    "x": 0.09822526574134827,
                    "y": -0.8494296669960022,
                    "z": 0.5184183716773987,
                    "w": 0.007948068901896477
                }
            }
        },
        {
            "joint": "MiddleMetacarpal",
            "pose": {
                "position": {
                    "x": -0.017593028023838998,
                    "y": -0.03820159286260605,
                    "z": -0.034220557659864429
                },
                "rotation": {
                    "x": 0.00938184093683958,
                    "y": 0.11443500220775604,
                    "z": 0.9933586120605469,
                    "w": -0.00742089981213212
                }
            }
        },
        {
            "joint": "MiddleKnuckle",
            "pose": {
                "position": {
                    "x": -0.016647864133119584,
                    "y": -0.025509297847747804,
                    "z": 0.02010127156972885
                },
                "rotation": {
                    "x": -0.047181617468595508,
                    "y": 0.6889973878860474,
                    "z": 0.7229352593421936,
                    "w": 0.020514709874987603
                }
            }
        },
        {
            "joint": "MiddleMiddleJoint",
            "pose": {
                "position": {
                    "x": -0.018303193151950837,
                    "y": 0.015849227085709573,
                    "z": 0.022011972963809968
                },
                "rotation": {
                    "x": -0.008866867981851101,
                    "y": -0.9877395033836365,
                    "z": 0.14248023927211762,
                    "w": -0.06317667663097382
                }
            }
        },
        {
            "joint": "MiddleDistalJoint",
            "pose": {
                "position": {
                    "x": -0.0150249432772398,
                    "y": 0.008273083716630936,
                    "z": -0.0034953788854181768
                },
                "rotation": {
                    "x": 0.06697621941566467,
                    "y": -0.6677480340003967,
                    "z": 0.7387256622314453,
                    "w": -0.06253805756568909
                }
            }
        },
        {
            "joint": "MiddleTip",
            "pose": {
                "position": {
                    "x": -0.011866025626659394,
                    "y": -0.008661003783345223,
                    "z": -0.0017771535785868765
                },
                "rotation": {
                    "x": 0.06697621941566467,
                    "y": -0.6677480340003967,
                    "z": 0.7387256622314453,
                    "w": -0.06253805756568909
                }
            }
        },
        {
            "joint": "RingMetacarpal",
            "pose": {
                "position": {
                    "x": -0.028174452483654023,
                    "y": -0.04021597281098366,
                    "z": -0.034480951726436618
                },
                "rotation": {
                    "x": -0.0463312491774559,
                    "y": 0.17117130756378175,
                    "z": 0.9783797860145569,
                    "w": -0.10642632097005844
                }
            }
        },
        {
            "joint": "RingKnuckle",
            "pose": {
                "position": {
                    "x": -0.03470367565751076,
                    "y": -0.023515529930591584,
                    "z": 0.013661487028002739
                },
                "rotation": {
                    "x": -0.08581317216157913,
                    "y": 0.6854923367500305,
                    "z": 0.719944953918457,
                    "w": 0.06644906103610993
                }
            }
        },
        {
            "joint": "RingMiddleJoint",
            "pose": {
                "position": {
                    "x": -0.03590525686740875,
                    "y": 0.013442892581224442,
                    "z": 0.015344695188105107
                },
                "rotation": {
                    "x": -0.008045331574976445,
                    "y": -0.9734028577804565,
                    "z": 0.15362417697906495,
                    "w": -0.16976913809776307
                }
            }
        },
        {
            "joint": "RingDistalJoint",
            "pose": {
                "position": {
                    "x": -0.028704574331641198,
                    "y": 0.0068179103545844559,
                    "z": -0.004304804373532534
                },
                "rotation": {
                    "x": 0.03208574280142784,
                    "y": -0.7316635251045227,
                    "z": 0.6701276302337647,
                    "w": -0.12069612741470337
                }
            }
        },
        {
            "joint": "RingTip",
            "pose": {
                "position": {
                    "x": -0.024521825835108758,
                    "y": -0.01171069499105215,
                    "z": -0.005689822603017092
                },
                "rotation": {
                    "x": 0.03208574280142784,
                    "y": -0.7316635251045227,
                    "z": 0.6701276302337647,
                    "w": -0.12069612741470337
                }
            }
        },
        {
            "joint": "PinkyMetacarpal",
            "pose": {
                "position": {
                    "x": -0.0366814024746418,
                    "y": -0.03962419182062149,
                    "z": -0.036657072603702548
                },
                "rotation": {
                    "x": -0.11207441240549088,
                    "y": 0.24146944284439088,
                    "z": 0.9382084012031555,
                    "w": -0.22112610936164857
                }
            }
        },
        {
            "joint": "PinkyKnuckle",
            "pose": {
                "position": {
                    "x": -0.05295586213469505,
                    "y": -0.018913062289357187,
                    "z": 0.00739296805113554
                },
                "rotation": {
                    "x": -0.13980618119239808,
                    "y": 0.6661704182624817,
                    "z": 0.7155934572219849,
                    "w": 0.15683412551879884
                }
            }
        },
        {
            "joint": "PinkyMiddleJoint",
            "pose": {
                "position": {
                    "x": -0.05275189131498337,
                    "y": 0.004024928901344538,
                    "z": 0.00907989963889122
                },
                "rotation": {
                    "x": -0.021367738023400308,
                    "y": -0.9606260657310486,
                    "z": 0.06688706576824188,
                    "w": -0.26882505416870119
                }
            }
        },
        {
            "joint": "PinkyDistalJoint",
            "pose": {
                "position": {
                    "x": -0.04372227564454079,
                    "y": 0.001563772326335311,
                    "z": -0.00580210704356432
                },
                "rotation": {
                    "x": 0.07175570726394654,
                    "y": -0.7517343759536743,
                    "z": 0.5955847501754761,
                    "w": -0.2739071846008301
                }
            }
        },
        {
            "joint": "PinkyTip",
            "pose": {
                "position": {
                    "x": -0.03621838986873627,
                    "y": -0.011355061084032059,
                    "z": -0.007922316901385785
                },
                "rotation": {
                    "x": 0.07175570726394654,
                    "y": -0.7517343759536743,
                    "z": 0.5955847501754761,
                    "w": -0.2739071846008301
                }
            }
        }
    ]
}