{
    "Controllers":  [
                        {
                            "Controller":  32,
                            "Handedness":  2,
                            "InputLabelPositions":  [
                                                        {
                                                            "x":  291.0,
                                                            "y":  22.0
                                                        },
                                                        {
                                                            "x":  382.0,
                                                            "y":  348.0
                                                        },
                                                        {
                                                            "x":  -48.0,
                                                            "y":  283.0
                                                        },
                                                        {
                                                            "x":  486.0,
                                                            "y":  144.0
                                                        },
                                                        {
                                                            "x":  -84.0,
                                                            "y":  158.0
                                                        },
                                                        {
                                                            "x":  -82.0,
                                                            "y":  136.0
                                                        },
                                                        {
                                                            "x":  484.0,
                                                            "y":  190.0
                                                        },
                                                        {
                                                            "x":  484.0,
                                                            "y":  211.0
                                                        },
                                                        {
                                                            "x":  484.0,
                                                            "y":  231.0
                                                        },
                                                        {
                                                            "x":  -70.0,
                                                            "y":  241.0
                                                        },
                                                        {
                                                            "x":  -77.0,
                                                            "y":  191.0
                                                        },
                                                        {
                                                            "x":  -78.0,
                                                            "y":  211.0
                                                        }
                                                    ],
                            "IsLabelFlipped":  [
                                                   false,
                                                   false,
                                                   true,
                                                   false,
                                                   true,
                                                   true,
                                                   false,
                                                   false,
                                                   false,
                                                   true,
                                                   true,
                                                   true
                                               ]
                        },
                        {
                            "Controller":  32,
                            "Handedness":  1,
                            "InputLabelPositions":  [
                                                        {
                                                            "x":  121.0,
                                                            "y":  21.0
                                                        },
                                                        {
                                                            "x":  404.0,
                                                            "y":  355.0
                                                        },
                                                        {
                                                            "x":  469.0,
                                                            "y":  283.0
                                                        },
                                                        {
                                                            "x":  -67.0,
                                                            "y":  145.0
                                                        },
                                                        {
                                                            "x":  500.0,
                                                            "y":  158.0
                                                        },
                                                        {
                                                            "x":  501.0,
                                                            "y":  137.0
                                                        },
                                                        {
                                                            "x":  -68.0,
                                                            "y":  182.0
                                                        },
                                                        {
                                                            "x":  -69.0,
                                                            "y":  205.0
                                                        },
                                                        {
                                                            "x":  -69.0,
                                                            "y":  226.0
                                                        },
                                                        {
                                                            "x":  488.0,
                                                            "y":  238.0
                                                        },
                                                        {
                                                            "x":  499.0,
                                                            "y":  190.0
                                                        },
                                                        {
                                                            "x":  499.0,
                                                            "y":  211.0
                                                        }
                                                    ],
                            "IsLabelFlipped":  [
                                                   true,
                                                   false,
                                                   false,
                                                   true,
                                                   false,
                                                   false,
                                                   true,
                                                   true,
                                                   true,
                                                   false,
                                                   false,
                                                   false
                                               ]
                        },
                        {
                            "Controller":  128,
                            "Handedness":  0,
                            "InputLabelPositions":  [
                                                        {
                                                            "x":  15.0,
                                                            "y":  398.0
                                                        },
                                                        {
                                                            "x":  14.0,
                                                            "y":  419.0
                                                        },
                                                        {
                                                            "x":  418.0,
                                                            "y":  399.0
                                                        },
                                                        {
                                                            "x":  418.0,
                                                            "y":  420.0
                                                        },
                                                        {
                                                            "x":  -188.0,
                                                            "y":  338.0
                                                        },
                                                        {
                                                            "x":  298.0,
                                                            "y":  54.0
                                                        },
                                                        {
                                                            "x":  -132.0,
                                                            "y":  134.0
                                                        },
                                                        {
                                                            "x":  551.0,
                                                            "y":  126.0
                                                        },
                                                        {
                                                            "x":  14.0,
                                                            "y":  101.0
                                                        },
                                                        {
                                                            "x":  409.0,
                                                            "y":  101.0
                                                        },
                                                        {
                                                            "x":  -159.0,
                                                            "y":  182.0
                                                        },
                                                        {
                                                            "x":  577.0,
                                                            "y":  173.0
                                                        },
                                                        {
                                                            "x":  628.0,
                                                            "y":  310.0
                                                        },
                                                        {
                                                            "x":  622.0,
                                                            "y":  282.0
                                                        },
                                                        {
                                                            "x":  616.0,
                                                            "y":  253.0
                                                        },
                                                        {
                                                            "x":  607.0,
                                                            "y":  225.0
                                                        }
                                                    ],
                            "IsLabelFlipped":  [
                                                   true,
                                                   true,
                                                   false,
                                                   false,
                                                   true,
                                                   false,
                                                   true,
                                                   false,
                                                   true,
                                                   false,
                                                   true,
                                                   false,
                                                   false,
                                                   false,
                                                   false,
                                                   false
                                               ]
                        },
                        {
                            "Controller":  8,
                            "Handedness":  2,
                            "InputLabelPositions":  [
                                                        {
                                                            "x":  -43.0,
                                                            "y":  165.0
                                                        },
                                                        {
                                                            "x":  5.0,
                                                            "y":  289.0
                                                        },
                                                        {
                                                            "x":  7.0,
                                                            "y":  330.0
                                                        },
                                                        {
                                                            "x":  8.0,
                                                            "y":  351.0
                                                        },
                                                        {
                                                            "x":  6.0,
                                                            "y":  309.0
                                                        },
                                                        {
                                                            "x":  436.0,
                                                            "y":  272.0
                                                        },
                                                        {
                                                            "x":  267.0,
                                                            "y":  30.0
                                                        },
                                                        {
                                                            "x":  267.0,
                                                            "y":  68.0
                                                        },
                                                        {
                                                            "x":  268.0,
                                                            "y":  88.0
                                                        },
                                                        {
                                                            "x":  267.0,
                                                            "y":  49.0
                                                        },
                                                        {
                                                            "x":  418.0,
                                                            "y":  163.0
                                                        },
                                                        {
                                                            "x":  -43.0,
                                                            "y":  204.0
                                                        },
                                                        {
                                                            "x":  418.0,
                                                            "y":  182.0
                                                        },
                                                        {
                                                            "x":  -42.0,
                                                            "y":  184.0
                                                        },
                                                        {
                                                            "x":  420.0,
                                                            "y":  202.0
                                                        },
                                                        {
                                                            "x":  419.0,
                                                            "y":  222.0
                                                        }
                                                    ],
                            "IsLabelFlipped":  [
                                                   true,
                                                   true,
                                                   true,
                                                   true,
                                                   true,
                                                   false,
                                                   false,
                                                   false,
                                                   false,
                                                   false,
                                                   false,
                                                   true,
                                                   false,
                                                   true,
                                                   false,
                                                   false
                                               ]
                        },
                        {
                            "Controller":  8,
                            "Handedness":  1,
                            "InputLabelPositions":  [
                                                        {
                                                            "x":  482.0,
                                                            "y":  158.0
                                                        },
                                                        {
                                                            "x":  433.0,
                                                            "y":  295.0
                                                        },
                                                        {
                                                            "x":  433.0,
                                                            "y":  334.0
                                                        },
                                                        {
                                                            "x":  433.0,
                                                            "y":  355.0
                                                        },
                                                        {
                                                            "x":  433.0,
                                                            "y":  315.0
                                                        },
                                                        {
                                                            "x":  -14.0,
                                                            "y":  268.0
                                                        },
                                                        {
                                                            "x":  171.0,
                                                            "y":  28.0
                                                        },
                                                        {
                                                            "x":  171.0,
                                                            "y":  67.0
                                                        },
                                                        {
                                                            "x":  171.0,
                                                            "y":  87.0
                                                        },
                                                        {
                                                            "x":  172.0,
                                                            "y":  47.0
                                                        },
                                                        {
                                                            "x":  15.0,
                                                            "y":  168.0
                                                        },
                                                        {
                                                            "x":  480.0,
                                                            "y":  179.0
                                                        },
                                                        {
                                                            "x":  16.0,
                                                            "y":  141.0
                                                        },
                                                        {
                                                            "x":  15.0,
                                                            "y":  188.0
                                                        },
                                                        {
                                                            "x":  479.0,
                                                            "y":  198.0
                                                        },
                                                        {
                                                            "x":  15.0,
                                                            "y":  207.0
                                                        },
                                                        {
                                                            "x":  14.0,
                                                            "y":  225.0
                                                        }
                                                    ],
                            "IsLabelFlipped":  [
                                                   false,
                                                   false,
                                                   false,
                                                   false,
                                                   false,
                                                   true,
                                                   true,
                                                   true,
                                                   true,
                                                   true,
                                                   true,
                                                   false,
                                                   true,
                                                   true,
                                                   false,
                                                   true,
                                                   true
                                               ]
                        },
                        {
                            "Controller":  2,
                            "Handedness":  1,
                            "InputLabelPositions":  [
                                                        {
                                                            "x":  198.0,
                                                            "y":  49.0
                                                        },
                                                        {
                                                            "x":  545.0,
                                                            "y":  215.0
                                                        },
                                                        {
                                                            "x":  543.0,
                                                            "y":  233.0
                                                        },
                                                        {
                                                            "x":  543.0,
                                                            "y":  251.0
                                                        },
                                                        {
                                                            "x":  542.0,
                                                            "y":  298.0
                                                        },
                                                        {
                                                            "x":  -131.0,
                                                            "y":  216.0
                                                        },
                                                        {
                                                            "x":  -131.0,
                                                            "y":  256.0
                                                        },
                                                        {
                                                            "x":  -131.0,
                                                            "y":  235.0
                                                        },
                                                        {
                                                            "x":  -125.0,
                                                            "y":  173.0
                                                        }
                                                    ],
                            "IsLabelFlipped":  [
                                                   false,
                                                   false,
                                                   false,
                                                   false,
                                                   false,
                                                   true,
                                                   true,
                                                   true,
                                                   true
                                               ]
                        },
                        {
                            "Controller":  2,
                            "Handedness":  2,
                            "InputLabelPositions":  [
                                                        {
                                                            "x":  418.0,
                                                            "y":  43.0
                                                        },
                                                        {
                                                            "x":  -118.0,
                                                            "y":  208.0
                                                        },
                                                        {
                                                            "x":  -117.0,
                                                            "y":  228.0
                                                        },
                                                        {
                                                            "x":  -117.0,
                                                            "y":  248.0
                                                        },
                                                        {
                                                            "x":  -117.0,
                                                            "y":  285.0
                                                        },
                                                        {
                                                            "x":  563.0,
                                                            "y":  212.0
                                                        },
                                                        {
                                                            "x":  565.0,
                                                            "y":  252.0
                                                        },
                                                        {
                                                            "x":  563.0,
                                                            "y":  232.0
                                                        },
                                                        {
                                                            "x":  568.0,
                                                            "y":  168.0
                                                        }
                                                    ],
                            "IsLabelFlipped":  [
                                                   false,
                                                   true,
                                                   true,
                                                   true,
                                                   true,
                                                   false,
                                                   false,
                                                   false,
                                                   false
                                               ]
                        },
                        {
                            "Controller":  16,
                            "Handedness":  0,
                            "InputLabelPositions":  [
                                                        {
                                                            "x":  301.0,
                                                            "y":  63.0
                                                        },
                                                        {
                                                            "x":  -64.0,
                                                            "y":  147.0
                                                        },
                                                        {
                                                            "x":  490.0,
                                                            "y":  226.0
                                                        }
                                                    ],
                            "IsLabelFlipped":  [
                                                   false,
                                                   true,
                                                   false
                                               ]
                        }
                    ]
}
